INSERT INTO ORDERS (ORDER_ID, PRODUCT_ID, PRODUCT_COUNT,MEMBER_ID, ORDER_ADDR, ORDER_PHONE, ORDER_MEMO, ORDER_PRICE, ORDER_DATE, ORDER_STATUS) VALUES
    (1, 1, 1, 1, '서울시 강남구 어딘가', '010-0000-0001', '빠른 배송 부탁드립니다.', 1000000, '2024-05-11', '배송중'),
    (2, 2, 2, 1,'서울시 서초구 어딘가', '010-0000-0002', '주의깊게 포장해주세요.', 800000, '2024-05-10', '배송완료'),
    (3, 3, 3, 2,'서울시 종로구 어딘가', '010-0000-0003', '', 150000, '2024-5-10', '배송전'),
    (4, 4, 4, 2,'서울시 중구 어딘가', '010-0000-0004', '부재시 경비실에 맡겨주세요.', 50000, '2024-05-10', '취소중'),
    (5, 5, 5, 2,'서울시 용산구 어딘가', '010-0000-0005', '선물용이니 예쁘게 포장해주세요.', 300000, '2024-05-10', '배송완료'),
    (6, 6, 6, 2,'서울시 동작구 어딘가', '010-0000-0006', '', 200000, '2024-05-06', '배송중'),
    (7, 7, 7, 2,'서울시 구로구 어딘가', '010-0000-0007', '', 100000, '2024-05-07', '취소완료'),
    (8, 8, 8, 2,'서울시 강동구 어딘가', '010-0000-0008', '빨리 필요합니다.', 80000, '2024-05-08', '반품중'),
    (9, 9, 9, 2,'서울시 강서구 어딘가', '010-0000-0009', '', 120000, '2024-05-09', '반품완료'),
    (10, 10, 10, 2, '서울시 송파구 어딘가', '010-0000-0010', '빠른 배송 부탁드립니다.', 400000, '2024-05-11', '배송전');


INSERT INTO ORDER_CANCEL (ORDER_ID, MEMBER_ID, PRODUCT_ID, OPTION_ID, CANCEL_DATE, CANCEL_REASON) VALUES
(1, 1, 1, 1, '2024-05-01', '상품이 맘에 들지 않아서'),
(2, 2, 2, 2, '2024-05-02', '다른 상품을 선택했습니다'),
(3, 3, 3, 3, '2024-05-03', '상품이 파손되었습니다'),
(4, 4, 4, 4, '2024-05-04', '상품 설명과 다릅니다'),
(5, 5, 5, 5, '2024-05-05', '배송이 너무 늦어요'),
(6, 6, 6, 6, '2024-05-06', '다른 사이트에서 더 싸게 팔고 있어요'),
(7, 7, 7, 7, '2024-05-07', '색상이 마음에 안 들어요'),
(8, 8, 8, 8, '2024-05-08', '상품이 고장났습니다'),
(9, 9, 9, 9, '2024-05-09', '상품이 너무 크거나 작아요'),
(10, 10, 10, 10, '2024-05-10', '다른 사이트에서 더 싸게 팔고 있어요');



INSERT INTO WISHLIST (WISH_ID, PRODUCT_ID, MEMBER_ID, OPTION_ID, PRODUCT_COUNT) VALUES
                                     (1, 1, 1, 1, 2),
                                     (2, 2, 2, 2, 1),
                                     (3, 3, 3, 3, 3),
                                     (4, 4, 4, 4, 1),
                                     (5, 5, 5, 5, 2),
                                     (6, 6, 6, 6, 1),
                                     (7, 7, 7, 7, 1),
                                     (8, 8, 8, 8, 2),
                                     (9, 9, 9, 9, 1),
                                     (10, 10, 10, 10, 1);

